{
    "infection": 23.17187,
    "percentage": 0.10678281105990782,
    "seed_set": [
        "139",
        "198",
        "196",
        "91",
        "197"
    ]
}