{
    "infection": 12.92293,
    "percentage": 0.0595526728110599,
    "seed_set": [
        "139",
        "198"
    ]
}