id,layer_density,layer_degree_histogram,layer_edge_weight,layer_sombor_index,layer_nodes_weight,layer_k_shell_weight,k_shell_info
1,0.0008538974784699165,4.689605,0.1288,3.1149562,0.5493,2.4510653,"[[0], [2142, 128, 20, 3, 2], [909, 133, 29, 3, 1], [533, 98, 33, 13, 5], [332, 73, 27, 14, 12, 6, 3, 3, 3, 3, 2], [196, 54, 24, 16, 9, 8, 4, 2, 3, 1, 1], [135, 50, 35, 28, 10, 3, 1], [68, 37, 29, 21, 23, 12, 4, 2, 1, 1, 4, 2], [22, 6, 2], [24, 18, 10], [32, 19, 7], [1], [0], [3, 6, 9, 4], [0], [15, 1]]"
2,0.0010405063161009725,2.9737671,0.04251,35.6095888,0.2859,1.2041001,"[[0], [1844, 63, 6, 1], [431, 50, 13, 6, 4, 2, 1, 1], [154, 30, 9, 5, 2], [78, 16, 4, 1], [32, 19, 15, 13, 10, 4, 2, 4, 3, 1], [7, 6, 1], [7], [1], [5, 8]]"
3,0.043478260869565216,2.0,0.00047,0.8034186,0.0047,1.2190313,"[[0], [27, 5, 1], [8], [2, 4]]"
4,0.028305028305028304,2.1794872,0.00085,0.9152543,0.0078,1.8430049,"[[0], [36, 6, 1], [20, 6, 4, 1, 2, 2]]"
5,0.08496732026143791,1.4444444,0.00013,0.7086852,0.0018,0.8760876,"[[0], [12, 2], [4]]"
6,0.021157801939465176,1.7349398,0.00072,0.6702601,0.0083,1.2151023,"[[0], [50, 6], [20], [2, 2, 2, 1]]"
7,0.008567649933873843,1.5935829,0.00149,1.1698793,0.0187,0.8050181,"[[0], [139, 28, 4], [13, 3]]"
