id,layer_density,layer_degree_histogram,layer_edge_weight,layer_sombor_index,layer_nodes_weight,layer_k_shell_weight,k_shell_info
1,0.0027978656022018384,1.852187,0.00614,0.7760834,0.0663,0.8968973,"[[0], [442, 57, 13, 2, 2, 1], [96, 12, 4, 2], [11, 4], [2, 1, 1, 1], [1, 1], [2, 3, 5]]"
2,0.002080488664885619,11.5238267,0.31921,40.10525,0.554,9.9902105,"[[0], [1209, 78, 6, 1], [868, 61, 7], [542, 61, 10, 2, 1], [394, 48, 11, 4, 2, 1], [292, 49, 16, 2, 1], [226, 46, 16, 5, 6, 1], [168, 25, 9, 1], [116, 24, 6, 3], [135, 32, 6, 1], [95, 18, 5, 1, 2], [76, 7, 2, 1], [57, 19, 8, 6, 3, 1], [51, 9, 2, 2, 2], [49, 11, 1], [44, 10, 4, 1], [26, 3, 1], [29, 6, 3], [29, 14, 11, 16, 3], [19, 4, 1], [23, 10], [25, 13, 5, 1], [23, 6, 6], [15, 10, 4, 4, 3], [12, 3], [15, 8, 8, 7, 1], [15, 7, 3, 3, 5, 6, 2], [11, 9, 3, 4, 3, 4, 6, 3, 1, 2, 1, 1, 1], [6, 3, 5, 5, 6, 6, 7, 7, 8, 18, 28, 5]]"
3,0.0026041693904304357,14.8463697,0.42327,9.7705784,0.5702,13.3641578,"[[0], [1059, 56, 6], [675, 76, 13, 2, 1], [460, 69, 23, 11, 1, 1], [369, 64, 7, 3], [300, 49, 19, 8, 3, 2, 1], [222, 43, 10, 10, 8, 1, 1, 1, 1, 1], [180, 45, 15, 5, 3, 4, 2, 2], [143, 35, 12, 1], [123, 21, 8, 5, 1, 1, 1], [106, 22, 13, 3, 3, 3, 2, 1], [97, 31, 9, 2, 3, 1, 1], [73, 31, 21, 3, 1], [54, 22, 8, 6, 3, 1], [63, 17, 8, 5], [47, 18, 5], [62, 21, 6, 2, 2], [29, 11, 6, 2, 3, 6, 8, 12, 5, 1, 2], [34, 13, 2, 4, 1, 1, 2, 1], [21, 9, 3, 2], [25, 9, 5, 6, 3, 2, 2], [18, 1], [27, 9, 8, 2, 2, 1], [19, 8, 4, 1], [20, 3, 4, 2], [14, 6, 2], [13, 6, 2], [17, 7, 5, 4, 2, 1, 1], [9, 4, 1], [16, 7, 3, 3, 1, 1, 1], [8, 1, 1, 1], [8, 4, 3, 1, 1], [7, 5, 3], [6, 2, 2, 1, 1], [6, 3, 1], [5, 2, 2], [10, 5, 3, 5, 3], [2, 2], [5, 5, 5, 5, 3, 1], [3, 1, 1], [7, 5, 6, 7, 10, 10, 10, 12, 27, 31]]"
