{
    "infection": 21.26149,
    "percentage": 0.09797921658986175,
    "seed_set": [
        "190",
        "196",
        "197",
        "198"
    ]
}