{
    "infection": 22.66942,
    "percentage": 0.1044673732718894,
    "seed_set": [
        "108",
        "89",
        "132",
        "196",
        "197",
        "198"
    ]
}