{
    "infection": 22.82752,
    "percentage": 0.10519594470046083,
    "seed_set": [
        "198",
        "139",
        "125",
        "196",
        "197"
    ]
}