{
    "infection": 18.95775,
    "percentage": 0.08736290322580645,
    "seed_set": [
        "196",
        "197",
        "198"
    ]
}