id,layer_density,layer_degree_histogram,layer_edge_weight,layer_sombor_index,layer_nodes_weight,layer_k_shell_weight,k_shell_info
1,0.42424242424242425,4.6666667,28,6.9686691,12,5.1269021,"[[0], [0], [0], [2, 3], [2, 5]]"
2,0.6785714285714286,4.75,19,7.1763951,8,4.44913,"[[0], [0], [0], [1, 1], [4, 2]]"
3,0.3611111111111111,2.8888889,13,4.5355098,9,2.4673348,"[[0], [1], [1, 2, 1], [4]]"
4,0.2878787878787879,3.1666667,19,7.3569977,12,2.4495813,"[[0], [4], [1], [4, 3]]"
5,0.3333333333333333,3.6666667,22,6.1164406,12,5.0629794,"[[0], [2], [0], [2, 3, 5]]"
6,0.19444444444444445,1.5555556,7,3.3314517,9,1.0213765,"[[0], [6, 2, 1]]"
