id,layer_density,layer_degree_histogram,layer_edge_weight,layer_sombor_index,layer_nodes_weight,layer_k_shell_weight,k_shell_info
1,0.25,7.75,124,13.8966425,32,14.0325025,"[[0], [0], [3], [2], [2, 1, 1, 1], [4, 1], [2, 2, 3, 2, 2, 6]]"
2,0.1090395480225988,6.4333333,193,11.4341976,60,6.5040209,"[[0], [2, 1], [1, 1], [4], [6, 6, 3, 1], [7, 11, 3, 4, 1], [1], [8]]"
3,0.07,1.68,21,3.5018899,25,1.1764349,"[[0], [15, 1], [6, 3]]"
4,0.0814061054579093,3.7446809,88,8.5493699,47,3.1201553,"[[0], [10, 2], [10, 2], [4, 2, 2, 2], [7, 5, 1]]"
5,0.1096045197740113,6.4666667,194,16.7993138,60,12.9497129,"[[0], [1], [9, 1, 1], [11, 3, 1], [9, 2], [3, 1, 1, 2, 1, 1, 2, 2, 2, 4, 3]]"
