{
    "infection": 14.13777,
    "percentage": 0.0651510138248848,
    "seed_set": [
        "198",
        "196"
    ]
}