{
    "infection": 23.70329,
    "percentage": 0.10923175115207373,
    "seed_set": [
        "198",
        "196",
        "197",
        "100",
        "139",
        "98"
    ]
}