{
    "infection": 9.85144,
    "percentage": 0.04539834101382489,
    "seed_set": [
        "198"
    ]
}