{
    "infection": 18.96737,
    "percentage": 0.08740723502304147,
    "seed_set": [
        "198",
        "196",
        "197"
    ]
}