{
    "infection": 20.19512,
    "percentage": 0.09306506912442396,
    "seed_set": [
        "198",
        "196",
        "197",
        "100"
    ]
}