{
    "infection": 22.49803,
    "percentage": 0.10367755760368663,
    "seed_set": [
        "198",
        "196",
        "197",
        "100",
        "139"
    ]
}