id,layer_density,layer_degree_histogram,layer_edge_weight,layer_sombor_index,layer_nodes_weight,layer_k_shell_weight,k_shell_info
1,0.18669075579644687,15.1219512,0.0062,3.3709498,0.0082,30.5788569,"[[0], [1], [1], [2], [1], [4], [1], [4, 1], [2, 1], [2, 1, 2, 2], [6, 1, 1, 1], [5, 6, 7, 7, 8, 7, 8]]"
2,0.38066551921973607,31.5952381,0.01327,5.4945591,0.0084,54.1307046,"[[0], [0], [1], [0], [0], [2], [1], [0], [1], [0], [1], [1], [0], [0], [1, 2, 2, 1], [1, 2, 1], [1, 1], [3, 2, 2, 2, 2, 1], [0], [1], [2, 1], [0], [5, 2, 2, 2, 1, 1], [0], [0], [0], [3, 5, 8, 20]]"
3,0.3548479632816982,29.452381,0.01237,5.1603057,0.0084,83.0354331,"[[0], [0], [0], [1], [2], [0], [0], [0], [0], [1], [1], [0], [1], [4], [0], [2, 1], [3, 1], [4], [2, 2, 3, 2, 2, 2, 1, 2, 2, 3, 1, 1], [1], [1], [4, 2, 3, 1, 2, 4, 15, 7]]"
4,0.6265060240963856,51.373494,0.02132,7.8326236,0.0083,171.7824985,"[[0], [0], [0], [0], [0], [0], [0], [0], [0], [0], [0], [0], [0], [0], [0], [0], [0], [0], [0], [0], [1], [1], [0], [0], [0], [1], [1], [1], [0], [0], [2], [5, 2], [3], [1, 1, 1, 2, 2, 2], [3, 1, 1], [2, 1, 2, 1, 2, 5, 8, 31]]"
5,0.574786952688804,47.1325301,0.01956,7.4284391,0.0083,240.3359174,"[[0], [0], [0], [0], [0], [0], [0], [0], [0], [0], [0], [0], [0], [0], [0], [0], [0], [1], [0], [3], [0], [0], [0], [0], [0], [1], [0], [2], [4, 2], [2], [2], [5, 3, 4, 1, 1, 2, 1, 2, 4, 3, 4, 6, 30]]"
