{
    "infection": 7.58682,
    "percentage": 0.03496230414746544,
    "seed_set": [
        "115",
        "91"
    ]
}