{
    "infection": 23.26768,
    "percentage": 0.10722433179723502,
    "seed_set": [
        "115",
        "91",
        "161",
        "196",
        "198",
        "197"
    ]
}