{
    "infection": 14.41439,
    "percentage": 0.06642576036866359,
    "seed_set": [
        "115",
        "91",
        "161",
        "196"
    ]
}