{
    "infection": 2.54207,
    "percentage": 0.011714608294930874,
    "seed_set": [
        "115"
    ]
}