{
    "infection": 10.10415,
    "percentage": 0.04656290322580645,
    "seed_set": [
        "115",
        "91",
        "161"
    ]
}