{
    "infection": 19.54584,
    "percentage": 0.09007299539170506,
    "seed_set": [
        "115",
        "91",
        "161",
        "196",
        "198"
    ]
}