id,layer_density,layer_degree_histogram,layer_edge_weight,layer_sombor_index,layer_nodes_weight,layer_k_shell_weight,k_shell_info
1,0.11764705882352941,1.8823529,0.00016,0.9759779,0.0017,1.300202,"[[0], [8, 1], [6, 2]]"
2,0.008210180623973728,1.8965517,0.0022,0.8143981,0.0232,0.9023265,"[[0], [151, 27, 1], [28, 13, 2], [2], [6, 2]]"
3,0.007638779888034322,2.1083032,0.00292,1.158461,0.0277,1.184166,"[[0], [169, 31, 5], [28, 11, 5, 3, 3, 3], [7, 5], [3, 4]]"
4,0.03188405797101449,1.4347826,0.00033,0.6699492,0.0046,0.7466053,"[[0], [35, 8], [3]]"
5,0.15555555555555556,1.4,7e-05,1.1387828,0.001,0.8485281,"[[0], [8, 2]]"
